id,first_name,last_name,email,gender,country,buzzword
1,Steve,Williams,swilliams0@zdnet.com,Male,Indonesia,solution
2,Ernest,Johnson,ejohnson1@sciencedirect.com,Male,Indonesia,demand-driven
3,Nicole,Wheeler,nwheeler2@ed.gov,Female,Sweden,Persistent
4,Debra,Knight,dknight3@arizona.edu,Female,Brazil,capability
5,Matthew,Morales,mmorales4@posterous.com,Male,Philippines,directional
6,Harold,Fernandez,hfernandez5@gravatar.com,Male,Poland,Multi-channelled
7,Eugene,Patterson,epatterson6@mediafire.com,Male,Guatemala,capacity
8,Joseph,Lynch,jlynch7@bigcartel.com,Male,Japan,definition
9,Roy,Morris,rmorris8@addtoany.com,Male,China,alliance
10,Elizabeth,Stewart,estewart9@dedecms.com,Female,Moldova,solution
11,Judith,Larson,jlarsona@linkedin.com,Female,Indonesia,cohesive
12,Andrea,Carr,acarrb@github.io,Female,France,capability
13,Bruce,Cole,bcolec@fastcompany.com,Male,Poland,asymmetric
14,Tammy,Reyes,treyesd@europa.eu,Female,China,secured line
15,Carlos,Butler,cbutlere@telegraph.co.uk,Male,Russia,multi-state
16,Samuel,Hanson,shansonf@moonfruit.com,Male,Mauritania,Progressive
17,Rebecca,Howell,rhowellg@t-online.de,Female,Czech Republic,mission-critical
18,Barbara,Wilson,bwilsonh@cyberchimps.com,Female,Philippines,tangible
19,Todd,Hart,tharti@dagondesign.com,Male,Poland,Assimilated
20,Amy,Frazier,afrazierj@reddit.com,Female,China,array
21,Denise,Williams,dwilliamsk@senate.gov,Female,Colombia,incremental
22,Charles,Williamson,cwilliamsonl@zdnet.com,Male,Ecuador,asynchronous
23,Joe,George,jgeorgem@theguardian.com,Male,China,methodical
24,Amanda,Sanders,asandersn@ted.com,Female,China,Total
25,Amanda,Carroll,acarrollo@washingtonpost.com,Female,China,neural-net
26,Laura,Crawford,lcrawfordp@msn.com,Female,Portugal,exuding
27,Gerald,Reed,greedq@toplist.cz,Male,Philippines,cohesive
28,Michael,Knight,mknightr@bloglovin.com,Male,Philippines,Open-source
29,Ryan,Austin,raustins@businesswire.com,Male,China,artificial intelligence
30,Earl,Clark,eclarkt@newsvine.com,Male,Colombia,secured line
31,Kelly,Harris,kharrisu@amazonaws.com,Female,Japan,Visionary
32,Gregory,Nelson,gnelsonv@icq.com,Male,Egypt,neutral
33,Kenneth,Johnston,kjohnstonw@squidoo.com,Male,Sweden,bottom-line
34,Barbara,King,bkingx@stumbleupon.com,Female,Brazil,system-worthy
35,Diana,Rice,dricey@t-online.de,Female,Indonesia,Adaptive
36,Sharon,Garza,sgarzaz@networkadvertising.org,Female,Costa Rica,frame
37,Gloria,Wilson,gwilson10@tripadvisor.com,Female,Russia,Mandatory
38,Jessica,Chapman,jchapman11@behance.net,Female,China,task-force
39,Gerald,Freeman,gfreeman12@marriott.com,Male,Brazil,Switchable
40,Johnny,Sanders,jsanders13@cisco.com,Male,Poland,Team-oriented
41,Amy,Anderson,aanderson14@wikipedia.org,Female,Greece,multi-state
42,Melissa,Phillips,mphillips15@home.pl,Female,Syria,incremental
43,Emily,Martin,emartin16@bing.com,Female,Philippines,object-oriented
44,Sarah,Gibson,sgibson17@vimeo.com,Female,China,portal
45,Richard,Thomas,rthomas18@gizmodo.com,Male,Indonesia,national
46,Anna,Kim,akim19@latimes.com,Female,Greece,capability
47,Carl,Burns,cburns1a@rakuten.co.jp,Male,Philippines,coherent
48,Jessica,Gonzales,jgonzales1b@free.fr,Female,Belarus,explicit
49,Gary,Ray,gray1c@miitbeian.gov.cn,Male,Argentina,Reduced
50,Rachel,Willis,rwillis1d@wikipedia.org,Female,China,Adaptive
51,Rachel,Oliver,roliver1e@domainmarket.com,Female,Indonesia,Operative
52,Clarence,Ortiz,cortiz1f@ft.com,Male,Sweden,synergy
53,Tina,Watkins,twatkins1g@hc360.com,Female,China,mission-critical
54,Sarah,Hansen,shansen1h@amazon.co.jp,Female,Denmark,flexibility
55,Carolyn,Allen,callen1i@i2i.jp,Female,China,5th generation
56,Christine,Walker,cwalker1j@hc360.com,Female,France,well-modulated
57,John,Oliver,joliver1k@washingtonpost.com,Male,Indonesia,heuristic
58,Jose,Thompson,jthompson1l@earthlink.net,Male,Greece,Team-oriented
59,Ann,Bailey,abailey1m@wunderground.com,Female,Macedonia,bottom-line
60,Randy,Reynolds,rreynolds1n@hugedomains.com,Male,United States,value-added
61,Carolyn,Martin,cmartin1o@cmu.edu,Female,Cameroon,Compatible
62,Christopher,Ortiz,cortiz1p@upenn.edu,Male,Russia,moderator
63,Nancy,Robertson,nrobertson1q@tinyurl.com,Female,Indonesia,multi-state
64,Lillian,Carpenter,lcarpenter1r@360.cn,Female,Pakistan,User-centric
65,Charles,Wallace,cwallace1s@sciencedirect.com,Male,Nigeria,Down-sized
66,Douglas,Riley,driley1t@earthlink.net,Male,Japan,dedicated
67,Judy,Nguyen,jnguyen1u@telegraph.co.uk,Female,Tanzania,collaboration
68,Brian,Fowler,bfowler1v@typepad.com,Male,Vietnam,optimizing
69,Ryan,Anderson,randerson1w@hexun.com,Male,Indonesia,multimedia
70,Albert,Elliott,aelliott1x@ezinearticles.com,Male,Norway,asymmetric
71,Benjamin,Allen,ballen1y@xing.com,Male,Djibouti,Team-oriented
72,Karen,Stone,kstone1z@vinaora.com,Female,Poland,Integrated
73,Virginia,Gomez,vgomez20@sitemeter.com,Female,Indonesia,multimedia
74,Kelly,Gomez,kgomez21@china.com.cn,Female,Philippines,system-worthy
75,Judith,Ramos,jramos22@stumbleupon.com,Female,Thailand,Expanded
76,Ruth,Mendoza,rmendoza23@webmd.com,Female,Nicaragua,Virtual
77,Linda,Cole,lcole24@salon.com,Female,Sweden,Function-based
78,Ronald,Rivera,rrivera25@cargocollective.com,Male,China,benchmark
79,Johnny,Payne,jpayne26@barnesandnoble.com,Male,Indonesia,demand-driven
80,Phillip,Boyd,pboyd27@springer.com,Male,Russia,system-worthy
81,Carlos,Hill,chill28@google.fr,Male,Indonesia,adapter
82,Phyllis,Welch,pwelch29@zdnet.com,Female,China,support
83,Amanda,Graham,agraham2a@hubpages.com,Female,China,multimedia
84,Eugene,Rose,erose2b@cnbc.com,Male,Bulgaria,mobile
85,Doris,Frazier,dfrazier2c@census.gov,Female,Brazil,Self-enabling
86,Ruby,Hunter,rhunter2d@cornell.edu,Female,Malta,system-worthy
87,Nicholas,Meyer,nmeyer2e@google.cn,Male,Philippines,Reactive
88,Randy,Cox,rcox2f@taobao.com,Male,China,Advanced
89,Alice,Fox,afox2g@hibu.com,Female,Indonesia,product
90,Katherine,Baker,kbaker2h@biglobe.ne.jp,Female,Tanzania,initiative
91,Randy,Gardner,rgardner2i@youtu.be,Male,Argentina,monitoring
92,Steve,Hall,shall2j@unc.edu,Male,United States,Visionary
93,Albert,Wheeler,awheeler2k@hc360.com,Male,Poland,monitoring
94,Christine,Lynch,clynch2l@nbcnews.com,Female,Netherlands,Down-sized
95,Stephanie,Weaver,sweaver2m@businessinsider.com,Female,Bosnia and Herzegovina,stable
96,Jane,Flores,jflores2n@ftc.gov,Female,Philippines,Team-oriented
97,Steve,Williamson,swilliamson2o@biglobe.ne.jp,Male,China,projection
98,Albert,Hall,ahall2p@cam.ac.uk,Male,Peru,paradigm
99,Jerry,Green,jgreen2q@digg.com,Male,Mexico,Monitored
100,Juan,Burns,jburns2r@prweb.com,Male,Czech Republic,Monitored
101,Paul,Carroll,pcarroll2s@epa.gov,Male,China,Visionary
102,Rose,Harrison,rharrison2t@google.cn,Female,Indonesia,systematic
103,Denise,Rogers,drogers2u@wordpress.com,Female,Israel,parallelism
104,Tammy,Fields,tfields2v@cnet.com,Female,Aland Islands,dynamic
105,Christopher,Lawson,clawson2w@va.gov,Male,Indonesia,Self-enabling
106,Ronald,Payne,rpayne2x@chicagotribune.com,Male,Nigeria,3rd generation
107,Paul,Rivera,privera2y@behance.net,Male,Philippines,local area network
108,Ruby,Long,rlong2z@acquirethisname.com,Female,France,motivating
109,Debra,Cox,dcox30@linkedin.com,Female,Brazil,Networked
110,Johnny,Mitchell,jmitchell31@go.com,Male,Greece,Horizontal
111,Douglas,Welch,dwelch32@ox.ac.uk,Male,Philippines,model
112,Raymond,Morgan,rmorgan33@mozilla.com,Male,Portugal,non-volatile
113,Scott,Wells,swells34@amazonaws.com,Male,Norway,non-volatile
114,Norma,Diaz,ndiaz35@prweb.com,Female,Chad,Stand-alone
115,Eric,Perez,eperez36@nydailynews.com,Male,Russia,asynchronous
116,Emily,Medina,emedina37@mashable.com,Female,China,content-based
117,Sean,Franklin,sfranklin38@reverbnation.com,Male,China,system-worthy
118,Ruby,Flores,rflores39@vistaprint.com,Female,China,Re-engineered
119,Henry,Olson,holson3a@hhs.gov,Male,Zambia,Persevering
120,Steve,Murphy,smurphy3b@hostgator.com,Male,Albania,customer loyalty
121,Walter,Harris,wharris3c@pen.io,Male,Portugal,Graphical User Interface
122,Debra,Armstrong,darmstrong3d@surveymonkey.com,Female,South Africa,firmware
123,Diana,Austin,daustin3e@wordpress.org,Female,Brazil,knowledge user
124,Paula,Ford,pford3f@reddit.com,Female,China,initiative
125,Nicole,Ford,nford3g@myspace.com,Female,Mongolia,executive
126,Louise,Hernandez,lhernandez3h@free.fr,Female,Ivory Coast,Expanded
127,Kelly,Davis,kdavis3i@wufoo.com,Female,China,De-engineered
128,Paul,Torres,ptorres3j@fastcompany.com,Male,Canada,analyzing
129,Russell,Nichols,rnichols3k@vk.com,Male,Sweden,application
130,Betty,Peterson,bpeterson3l@guardian.co.uk,Female,Brazil,Profound
131,Billy,Harvey,bharvey3m@imgur.com,Male,China,flexibility
132,Betty,Chavez,bchavez3n@wufoo.com,Female,Indonesia,mission-critical
133,Cynthia,Hayes,chayes3o@list-manage.com,Female,China,scalable
134,Kimberly,Rogers,krogers3p@nymag.com,Female,China,throughput
135,Willie,Lopez,wlopez3q@dion.ne.jp,Male,Indonesia,directional
136,Cynthia,Wood,cwood3r@dyndns.org,Female,China,Profound
137,Donald,Lawrence,dlawrence3s@about.com,Male,Brazil,forecast
138,Debra,Turner,dturner3t@ehow.com,Female,Portugal,User-centric
139,Roy,Cook,rcook3u@webeden.co.uk,Male,Brazil,neural-net
140,Judy,Chavez,jchavez3v@gmpg.org,Female,Colombia,leading edge
141,Carol,Arnold,carnold3w@cnbc.com,Female,Serbia,client-driven
142,Denise,Garcia,dgarcia3x@umn.edu,Female,China,Focused
143,Anna,Bowman,abowman3y@exblog.jp,Female,China,capacity
144,Theresa,Alexander,talexander3z@weibo.com,Female,China,help-desk
145,Debra,Jackson,djackson40@army.mil,Female,Ivory Coast,Enhanced
146,Daniel,Watkins,dwatkins41@slate.com,Male,China,contingency
147,Virginia,Lane,vlane42@odnoklassniki.ru,Female,Mexico,interactive
148,Evelyn,Allen,eallen43@army.mil,Female,Brazil,approach
149,Diana,Freeman,dfreeman44@jalbum.net,Female,France,fresh-thinking
150,Cheryl,Reid,creid45@noaa.gov,Female,China,system-worthy
151,Lawrence,Little,llittle46@cyberchimps.com,Male,Indonesia,web-enabled
152,Judy,Collins,jcollins47@opensource.org,Female,Serbia,zero defect
153,Jeremy,Brooks,jbrooks48@salon.com,Male,China,Universal
154,James,Rose,jrose49@discovery.com,Male,China,fresh-thinking
155,Cynthia,Ward,cward4a@hatena.ne.jp,Female,Nigeria,multi-state
156,Julia,Bryant,jbryant4b@ask.com,Female,Czech Republic,fresh-thinking
157,Janice,Ramos,jramos4c@odnoklassniki.ru,Female,Russia,scalable
158,Terry,Burton,tburton4d@dyndns.org,Male,Serbia,Vision-oriented
159,Beverly,Davis,bdavis4e@hexun.com,Female,Indonesia,support
160,Evelyn,Grant,egrant4f@dedecms.com,Female,Croatia,firmware
161,Eugene,Wells,ewells4g@sakura.ne.jp,Male,Brazil,core
162,Maria,Walker,mwalker4h@spotify.com,Female,Czech Republic,Networked
163,Brenda,Sanders,bsanders4i@sciencedaily.com,Female,Mexico,budgetary management
164,Beverly,Hunter,bhunter4j@youtu.be,Female,Cyprus,Polarised
165,Evelyn,Myers,emyers4k@mac.com,Female,Czech Republic,Inverse
166,Gregory,Chavez,gchavez4l@posterous.com,Male,Haiti,bi-directional
167,Justin,Hill,jhill4m@dyndns.org,Male,Netherlands,Stand-alone
168,Gary,Ray,gray4n@themeforest.net,Male,South Africa,Digitized
169,Lisa,Diaz,ldiaz4o@upenn.edu,Female,Japan,frame
170,Jeffrey,Snyder,jsnyder4p@mayoclinic.com,Male,Syria,web-enabled
171,Julie,Carr,jcarr4q@usgs.gov,Female,China,3rd generation
172,Harry,Smith,hsmith4r@spiegel.de,Male,Gabon,human-resource
173,Todd,Stone,tstone4s@unicef.org,Male,China,tertiary
174,Jeremy,Grant,jgrant4t@angelfire.com,Male,Poland,function
175,Ann,Hudson,ahudson4u@blog.com,Female,China,Down-sized
176,Deborah,Sullivan,dsullivan4v@zdnet.com,Female,Sweden,analyzer
177,Eugene,Griffin,egriffin4w@about.me,Male,France,multimedia
178,Earl,Bowman,ebowman4x@nydailynews.com,Male,France,modular
179,Kimberly,Alvarez,kalvarez4y@wunderground.com,Female,Sweden,capability
180,Stephen,Webb,swebb4z@sun.com,Male,Czech Republic,Digitized
181,Richard,Evans,revans50@deviantart.com,Male,Indonesia,bifurcated
182,Raymond,Myers,rmyers51@weibo.com,Male,United States,Cloned
183,Samuel,Williams,swilliams52@yandex.ru,Male,China,responsive
184,Joan,Williams,jwilliams53@rakuten.co.jp,Female,Japan,artificial intelligence
185,Sean,Ford,sford54@comsenz.com,Male,Croatia,Vision-oriented
186,Lillian,Garrett,lgarrett55@yandex.ru,Female,China,secondary
187,Jose,Hicks,jhicks56@zdnet.com,Male,Slovenia,Object-based
188,Henry,Jacobs,hjacobs57@nydailynews.com,Male,Albania,Optional
189,Shawn,Jordan,sjordan58@columbia.edu,Male,Argentina,synergy
190,Sharon,George,sgeorge59@nytimes.com,Female,Philippines,system-worthy
191,Lisa,Flores,lflores5a@artisteer.com,Female,Indonesia,circuit
192,Rose,Harris,rharris5b@xrea.com,Female,Portugal,hierarchy
193,Pamela,Rice,price5c@berkeley.edu,Female,Palestinian Territory,Synergistic
194,Robert,Peters,rpeters5d@archive.org,Male,Philippines,Exclusive
195,Roy,Mason,rmason5e@twitter.com,Male,China,mobile
196,Emily,Adams,eadams5f@last.fm,Female,Belize,object-oriented
197,Bobby,Roberts,broberts5g@edublogs.org,Male,Luxembourg,utilisation
198,William,Stephens,wstephens5h@hubpages.com,Male,China,Adaptive
199,Martha,Young,myoung5i@guardian.co.uk,Female,Philippines,Advanced
200,Harold,Ray,hray5j@sciencedirect.com,Male,Indonesia,definition
201,Elizabeth,Harris,eharris5k@berkeley.edu,Female,Indonesia,Open-architected
202,Anthony,Berry,aberry5l@t.co,Male,China,Enhanced
203,Larry,Mills,lmills5m@hhs.gov,Male,China,Stand-alone
204,Thomas,Jackson,tjackson5n@sfgate.com,Male,Portugal,Team-oriented
205,Arthur,West,awest5o@quantcast.com,Male,Mexico,Focused
206,Melissa,Welch,mwelch5p@cpanel.net,Female,Sweden,local area network
207,Tina,Parker,tparker5q@wikipedia.org,Female,Czech Republic,Organic
208,Mary,Matthews,mmatthews5r@freewebs.com,Female,Vietnam,implementation
209,Kathy,Ryan,kryan5s@biblegateway.com,Female,Philippines,structure
210,Craig,Hanson,chanson5t@howstuffworks.com,Male,China,Mandatory
211,Douglas,Dean,ddean5u@sun.com,Male,Nicaragua,upward-trending
212,Dennis,Ramirez,dramirez5v@theglobeandmail.com,Male,Nigeria,Decentralized
213,Sean,Kennedy,skennedy5w@joomla.org,Male,Philippines,access
214,Robert,Gordon,rgordon5x@freewebs.com,Male,China,client-server
215,Aaron,Armstrong,aarmstrong5y@zdnet.com,Male,Indonesia,stable
216,Juan,Allen,jallen5z@odnoklassniki.ru,Male,China,flexibility
217,Katherine,Nelson,knelson60@exblog.jp,Female,China,Devolved
218,Andrea,Harper,aharper61@chicagotribune.com,Female,South Korea,neural-net
219,Denise,Hayes,dhayes62@mashable.com,Female,Honduras,time-frame
220,Peter,Grant,pgrant63@paginegialle.it,Male,Indonesia,Enterprise-wide
221,Janet,Alvarez,jalvarez64@upenn.edu,Female,Kazakhstan,methodical
222,Nicholas,Webb,nwebb65@godaddy.com,Male,Portugal,Inverse
223,Brandon,Ross,bross66@usgs.gov,Male,Mexico,systematic
224,Henry,Reynolds,hreynolds67@yandex.ru,Male,Czech Republic,standardization
225,George,Montgomery,gmontgomery68@google.com.au,Male,China,Re-contextualized
226,William,Smith,wsmith69@spiegel.de,Male,Kenya,context-sensitive
227,Harry,Lee,hlee6a@trellian.com,Male,Sweden,monitoring
228,Edward,Bell,ebell6b@apache.org,Male,United States,Visionary
229,Phillip,Bishop,pbishop6c@fastcompany.com,Male,Brazil,De-engineered
230,Cheryl,Brown,cbrown6d@diigo.com,Female,Norway,frame
231,Amy,Rivera,arivera6e@omniture.com,Female,Sierra Leone,system engine
232,Nancy,Nelson,nnelson6f@washingtonpost.com,Female,Haiti,content-based
233,Frank,Bishop,fbishop6g@google.ca,Male,Indonesia,uniform
234,Thomas,Hawkins,thawkins6h@ebay.com,Male,Micronesia,standardization
235,Nicole,Bowman,nbowman6i@exblog.jp,Female,Indonesia,emulation
236,Margaret,Franklin,mfranklin6j@yelp.com,Female,Sweden,Organized
237,Todd,Franklin,tfranklin6k@samsung.com,Male,South Africa,Ameliorated
238,Kathryn,Freeman,kfreeman6l@free.fr,Female,Yemen,architecture
239,Jerry,Long,jlong6m@de.vu,Male,United States,Centralized
240,Melissa,Johnston,mjohnston6n@foxnews.com,Female,Iran,zero defect
241,Emily,Campbell,ecampbell6o@php.net,Female,Philippines,Configurable
242,Anthony,Johnson,ajohnson6p@abc.net.au,Male,Indonesia,initiative
243,Kevin,Chapman,kchapman6q@merriam-webster.com,Male,Nigeria,zero tolerance
244,Andrea,Adams,aadams6r@time.com,Female,Canada,neutral
245,Jennifer,Ramirez,jramirez6s@ehow.com,Female,Czech Republic,fresh-thinking
246,Joyce,Ray,jray6t@uiuc.edu,Female,Greece,directional
247,Jose,Harvey,jharvey6u@wikipedia.org,Male,China,reciprocal
248,Lois,Young,lyoung6v@imdb.com,Female,Russia,logistical
249,James,Gonzalez,jgonzalez6w@who.int,Male,Laos,open architecture
250,Jeffrey,Montgomery,jmontgomery6x@dell.com,Male,Guinea,didactic
251,Gary,Burke,gburke6y@miitbeian.gov.cn,Male,China,heuristic
252,Harry,Woods,hwoods6z@ihg.com,Male,Russia,moderator
253,Theresa,Clark,tclark70@ask.com,Female,Kenya,client-driven
254,Michael,Tucker,mtucker71@redcross.org,Male,Thailand,focus group
255,Gregory,Ford,gford72@exblog.jp,Male,Mexico,directional
256,Rachel,Bishop,rbishop73@irs.gov,Female,China,collaboration
257,Rebecca,Stephens,rstephens74@economist.com,Female,China,core
258,Phyllis,Jackson,pjackson75@cisco.com,Female,Honduras,Fully-configurable
259,Gary,Stephens,gstephens76@technorati.com,Male,Japan,client-server
260,Patricia,Fuller,pfuller77@examiner.com,Female,Sweden,radical
261,Gloria,Wallace,gwallace78@shinystat.com,Female,China,solution
262,Nicholas,Mills,nmills79@fastcompany.com,Male,China,definition
263,Roy,Morgan,rmorgan7a@jigsy.com,Male,Indonesia,Focused
264,Ann,Matthews,amatthews7b@ft.com,Female,Cuba,bottom-line
265,Sara,Johnston,sjohnston7c@networksolutions.com,Female,Philippines,Vision-oriented
266,Denise,Burns,dburns7d@php.net,Female,Luxembourg,support
267,Henry,Martinez,hmartinez7e@people.com.cn,Male,China,Object-based
268,Maria,Fox,mfox7f@1688.com,Female,Indonesia,modular
269,Ashley,Bailey,abailey7g@mtv.com,Female,China,Decentralized
270,Dennis,Russell,drussell7h@homestead.com,Male,Palestinian Territory,Open-source
271,Paul,Ray,pray7i@xrea.com,Male,Czech Republic,transitional
272,Stephen,Fowler,sfowler7j@sciencedaily.com,Male,Thailand,background
273,Alice,Cooper,acooper7k@bloglines.com,Female,Portugal,firmware
274,Willie,Hart,whart7l@microsoft.com,Male,Croatia,heuristic
275,Albert,Garcia,agarcia7m@bandcamp.com,Male,Nigeria,dynamic
276,Adam,Duncan,aduncan7n@photobucket.com,Male,Indonesia,Graphical User Interface
277,Michael,Powell,mpowell7o@yahoo.co.jp,Male,Brazil,solution
278,Mildred,Young,myoung7p@nyu.edu,Female,China,Synchronised
279,Heather,Holmes,hholmes7q@de.vu,Female,Brazil,matrices
280,Anthony,West,awest7r@hud.gov,Male,Russia,initiative
281,Patrick,Williamson,pwilliamson7s@jiathis.com,Male,China,pricing structure
282,Dennis,Ellis,dellis7t@icq.com,Male,Finland,paradigm
283,Debra,Garza,dgarza7u@google.com,Female,Indonesia,responsive
284,Frank,Diaz,fdiaz7v@biblegateway.com,Male,Canada,Seamless
285,Alice,Barnes,abarnes7w@go.com,Female,Ukraine,Secured
286,Mark,Wheeler,mwheeler7x@columbia.edu,Male,Brazil,forecast
287,Peter,Simmons,psimmons7y@state.tx.us,Male,Indonesia,portal
288,Rose,Gutierrez,rgutierrez7z@prnewswire.com,Female,Greece,multi-tasking
289,Cynthia,Hamilton,chamilton80@marketwatch.com,Female,Slovenia,Down-sized
290,Jose,Kennedy,jkennedy81@wikispaces.com,Male,Brazil,forecast
291,Billy,Sanchez,bsanchez82@cnet.com,Male,United States,projection
292,Scott,Nguyen,snguyen83@auda.org.au,Male,Laos,utilisation
293,Walter,Martinez,wmartinez84@java.com,Male,China,uniform
294,Earl,Robertson,erobertson85@sakura.ne.jp,Male,Belarus,grid-enabled
295,Paula,Ramos,pramos86@answers.com,Female,Morocco,maximized
296,Doris,Montgomery,dmontgomery87@go.com,Female,Iraq,Streamlined
297,Roy,Gardner,rgardner88@360.cn,Male,Indonesia,Customizable
298,Kathy,Jenkins,kjenkins89@nhs.uk,Female,China,bandwidth-monitored
299,Louise,Peterson,lpeterson8a@usda.gov,Female,United States,Triple-buffered
300,Harry,Kim,hkim8b@virginia.edu,Male,Greece,Multi-channelled
301,Alan,Matthews,amatthews8c@blogs.com,Male,China,function
302,Robin,Carr,rcarr8d@yahoo.com,Female,Mexico,Switchable
303,Louise,Welch,lwelch8e@friendfeed.com,Female,China,website
304,Rose,Kim,rkim8f@fotki.com,Female,Bulgaria,standardization
305,Richard,Reyes,rreyes8g@lycos.com,Male,China,initiative
306,Phyllis,Reyes,preyes8h@sfgate.com,Female,Dominican Republic,Sharable
307,Martha,Ortiz,mortiz8i@fastcompany.com,Female,Greece,bi-directional
308,Ruth,Roberts,rroberts8j@jalbum.net,Female,Indonesia,challenge
309,Jonathan,Grant,jgrant8k@npr.org,Male,Philippines,Advanced
310,Kenneth,Hill,khill8l@dagondesign.com,Male,China,intangible
311,Phillip,Hill,phill8m@redcross.org,Male,Philippines,reciprocal
312,Phillip,Dunn,pdunn8n@ucoz.com,Male,Czech Republic,radical
313,Julie,Jacobs,jjacobs8o@woothemes.com,Female,Mexico,grid-enabled
314,John,Adams,jadams8p@elegantthemes.com,Male,South Korea,Devolved
315,Howard,Shaw,hshaw8q@biblegateway.com,Male,Ireland,open system
316,Christina,Mitchell,cmitchell8r@people.com.cn,Female,Oman,frame
317,Juan,Berry,jberry8s@163.com,Male,Argentina,regional
318,Ernest,Tucker,etucker8t@amazon.co.uk,Male,Armenia,Focused
319,Jerry,Stevens,jstevens8u@microsoft.com,Male,Slovakia,extranet
320,Judy,Carpenter,jcarpenter8v@dion.ne.jp,Female,El Salvador,archive
321,Elizabeth,Ray,eray8w@xrea.com,Female,Armenia,Reverse-engineered
322,Samuel,Bailey,sbailey8x@miitbeian.gov.cn,Male,Slovenia,Sharable
323,Jessica,Watson,jwatson8y@ask.com,Female,Portugal,time-frame
324,Ernest,Welch,ewelch8z@virginia.edu,Male,Russia,hardware
325,Lawrence,Simpson,lsimpson90@toplist.cz,Male,China,Mandatory
326,Debra,Turner,dturner91@google.de,Female,Peru,national
327,Stephen,Stanley,sstanley92@goo.gl,Male,China,info-mediaries
328,Philip,Reynolds,preynolds93@fotki.com,Male,Indonesia,Persistent
329,Alice,Black,ablack94@dion.ne.jp,Female,Venezuela,Decentralized
330,Carl,Hudson,chudson95@reuters.com,Male,United States,algorithm
331,Dorothy,Ferguson,dferguson96@photobucket.com,Female,Canada,bifurcated
332,Scott,Reed,sreed97@mac.com,Male,United States,24 hour
333,Jose,White,jwhite98@mozilla.org,Male,Saint Kitts and Nevis,optimizing
334,David,Holmes,dholmes99@bloglines.com,Male,Tajikistan,firmware
335,Sean,Fisher,sfisher9a@baidu.com,Male,China,algorithm
336,Jimmy,Woods,jwoods9b@google.nl,Male,Brazil,paradigm
337,Steven,Bailey,sbailey9c@tumblr.com,Male,Pakistan,Innovative
338,George,Holmes,gholmes9d@dropbox.com,Male,Spain,help-desk
339,Teresa,Bryant,tbryant9e@businessweek.com,Female,China,client-driven
340,Matthew,Banks,mbanks9f@1688.com,Male,France,Seamless
341,Mildred,Lawrence,mlawrence9g@themeforest.net,Female,China,collaboration
342,Juan,Hansen,jhansen9h@wix.com,Male,Ethiopia,capacity
343,Gerald,Martinez,gmartinez9i@unesco.org,Male,Ukraine,background
344,Catherine,Fowler,cfowler9j@squarespace.com,Female,Sweden,eco-centric
345,Cynthia,Martin,cmartin9k@feedburner.com,Female,China,Cross-group
346,Harold,Greene,hgreene9l@symantec.com,Male,China,Implemented
347,Sharon,Bailey,sbailey9m@technorati.com,Female,China,encoding
348,Dennis,Cook,dcook9n@nba.com,Male,Germany,secured line
349,Eric,Smith,esmith9o@yelp.com,Male,Greece,strategy
350,Kimberly,Schmidt,kschmidt9p@buzzfeed.com,Female,Indonesia,solution
351,Martha,Reynolds,mreynolds9q@wikia.com,Female,Sweden,policy
352,Susan,Patterson,spatterson9r@seesaa.net,Female,Philippines,well-modulated
353,Fred,Palmer,fpalmer9s@google.com.au,Male,Russia,impactful
354,Phyllis,Porter,pporter9t@icio.us,Female,Russia,Front-line
355,Howard,Morgan,hmorgan9u@plala.or.jp,Male,China,focus group
356,Ashley,Lopez,alopez9v@yellowbook.com,Female,Panama,User-friendly
357,Karen,Rivera,krivera9w@youtu.be,Female,China,knowledge user
358,Jean,Bennett,jbennett9x@xing.com,Female,Germany,impactful
359,Angela,Dunn,adunn9y@over-blog.com,Female,Paraguay,optimizing
360,Emily,Bradley,ebradley9z@about.me,Female,Afghanistan,systemic
361,Jesse,Moore,jmoorea0@facebook.com,Male,Palestinian Territory,Ameliorated
362,Jane,Holmes,jholmesa1@twitpic.com,Female,Peru,dedicated
363,Pamela,Rivera,priveraa2@freewebs.com,Female,China,framework
364,Daniel,Ryan,dryana3@imageshack.us,Male,Thailand,installation
365,Annie,Wheeler,awheelera4@cargocollective.com,Female,South Africa,radical
366,Bobby,Carr,bcarra5@aboutads.info,Male,Croatia,orchestration
367,Julia,Vasquez,jvasqueza6@noaa.gov,Female,Russia,Balanced
368,Evelyn,Griffin,egriffina7@w3.org,Female,Chile,Managed
369,Brian,Brown,bbrowna8@naver.com,Male,Azerbaijan,extranet
370,Craig,Weaver,cweavera9@tuttocitta.it,Male,Indonesia,Self-enabling
371,Kevin,Bell,kbellaa@purevolume.com,Male,Indonesia,flexibility
372,Raymond,King,rkingab@php.net,Male,Chile,Centralized
373,Philip,Torres,ptorresac@taobao.com,Male,China,solution-oriented
374,Randy,Fernandez,rfernandezad@gnu.org,Male,Portugal,zero defect
375,Walter,Murphy,wmurphyae@whitehouse.gov,Male,Sweden,Horizontal
376,Thomas,Carter,tcarteraf@google.es,Male,Indonesia,collaboration
377,Fred,Cooper,fcooperag@irs.gov,Male,Japan,Persistent
378,Carol,Perry,cperryah@utexas.edu,Female,Azerbaijan,Universal
379,Nancy,Davis,ndavisai@paypal.com,Female,China,dynamic
380,Harry,Alvarez,halvarezaj@joomla.org,Male,China,client-driven
381,Cheryl,Parker,cparkerak@zdnet.com,Female,Colombia,background
382,Andrew,Bradley,abradleyal@furl.net,Male,China,framework
383,Cynthia,Hudson,chudsonam@dyndns.org,Female,Finland,Integrated
384,Nicholas,Wright,nwrightan@elegantthemes.com,Male,Nepal,logistical
385,Judy,Moore,jmooreao@sourceforge.net,Female,United States,Inverse
386,Phillip,Medina,pmedinaap@ftc.gov,Male,France,bandwidth-monitored
387,Elizabeth,Fisher,efisheraq@prlog.org,Female,Philippines,full-range
388,Dennis,Jones,djonesar@hao123.com,Male,China,array
389,Robert,Sanders,rsandersas@spiegel.de,Male,China,intranet
390,Billy,Garcia,bgarciaat@redcross.org,Male,China,instruction set
391,Jack,Austin,jaustinau@fema.gov,Male,Brazil,Streamlined
392,David,Wallace,dwallaceav@tripadvisor.com,Male,Kenya,standardization
393,David,Campbell,dcampbellaw@ftc.gov,Male,Brazil,Face to face
394,Joseph,Willis,jwillisax@goo.ne.jp,Male,Zambia,neutral
395,Theresa,Garcia,tgarciaay@imgur.com,Female,Sweden,logistical
396,Lisa,Lawrence,llawrenceaz@blogs.com,Female,Colombia,support
397,Roy,Jordan,rjordanb0@ocn.ne.jp,Male,Colombia,algorithm
398,Pamela,Carpenter,pcarpenterb1@epa.gov,Female,Democratic Republic of the Congo,hub
399,Dennis,Barnes,dbarnesb2@bravesites.com,Male,China,collaboration
400,Rose,Gardner,rgardnerb3@stanford.edu,Female,Japan,heuristic
401,Wayne,Johnson,wjohnsonb4@hostgator.com,Male,Tunisia,Pre-emptive
402,Scott,Day,sdayb5@guardian.co.uk,Male,Tunisia,eco-centric
403,Chris,Phillips,cphillipsb6@sciencedaily.com,Male,Indonesia,info-mediaries
404,Robin,Armstrong,rarmstrongb7@cornell.edu,Female,Indonesia,Cloned
405,Sean,Garcia,sgarciab8@joomla.org,Male,Indonesia,middleware
406,Henry,Lawson,hlawsonb9@gmpg.org,Male,Bahamas,Function-based
407,Steven,Barnes,sbarnesba@topsy.com,Male,Portugal,encryption
408,Lori,Powell,lpowellbb@blogs.com,Female,Japan,installation
409,Nicholas,Riley,nrileybc@merriam-webster.com,Male,Colombia,time-frame
410,Angela,Thompson,athompsonbd@plala.or.jp,Female,Russia,throughput
411,Aaron,Thompson,athompsonbe@reference.com,Male,Philippines,Grass-roots
412,Roy,Brown,rbrownbf@technorati.com,Male,China,Business-focused
413,Cynthia,Carpenter,ccarpenterbg@bigcartel.com,Female,Israel,logistical
414,Earl,Daniels,edanielsbh@networkadvertising.org,Male,Philippines,Ergonomic
415,Steven,Franklin,sfranklinbi@unblog.fr,Male,Bolivia,Robust
416,Larry,Turner,lturnerbj@usnews.com,Male,China,asynchronous
417,Juan,Nelson,jnelsonbk@netvibes.com,Male,China,intangible
418,Kathleen,Moreno,kmorenobl@tripadvisor.com,Female,Nigeria,demand-driven
419,Kathy,Stewart,kstewartbm@google.cn,Female,China,customer loyalty
420,Betty,Flores,bfloresbn@chron.com,Female,Canada,Devolved
421,Bonnie,Wood,bwoodbo@bluehost.com,Female,Indonesia,Streamlined
422,Randy,Jordan,rjordanbp@bing.com,Male,Brazil,Diverse
423,Amanda,Day,adaybq@com.com,Female,Iran,bottom-line
424,Eric,Ferguson,efergusonbr@gravatar.com,Male,Luxembourg,leading edge
425,David,Gardner,dgardnerbs@over-blog.com,Male,Czech Republic,orchestration
426,Albert,Miller,amillerbt@diigo.com,Male,China,bifurcated
427,Doris,Lee,dleebu@sfgate.com,Female,Finland,Distributed
428,Martin,Davis,mdavisbv@va.gov,Male,Brazil,zero tolerance
429,Shirley,Andrews,sandrewsbw@networkadvertising.org,Female,Brazil,Function-based
430,James,Price,jpricebx@netscape.com,Male,France,implementation
431,Janice,Torres,jtorresby@alexa.com,Female,Argentina,synergy
432,Patricia,Henderson,phendersonbz@engadget.com,Female,Nigeria,regional
433,Edward,Armstrong,earmstrongc0@tinypic.com,Male,Tanzania,strategy
434,Ryan,Weaver,rweaverc1@xing.com,Male,Portugal,homogeneous
435,Richard,Thompson,rthompsonc2@altervista.org,Male,United States,leading edge
436,Elizabeth,Jenkins,ejenkinsc3@lulu.com,Female,Chile,analyzer
437,Amanda,Carter,acarterc4@dailymotion.com,Female,China,Organic
438,Martin,Wright,mwrightc5@goodreads.com,Male,Iran,directional
439,Jack,Day,jdayc6@si.edu,Male,Indonesia,directional
440,Jeremy,Ray,jrayc7@whitehouse.gov,Male,Indonesia,leading edge
441,Andrea,Black,ablackc8@amazon.de,Female,China,incremental
442,Eric,Gray,egrayc9@redcross.org,Male,Palestinian Territory,Advanced
443,Joseph,Spencer,jspencerca@slashdot.org,Male,Indonesia,high-level
444,George,Jenkins,gjenkinscb@google.fr,Male,China,fault-tolerant
445,Mary,Gomez,mgomezcc@php.net,Female,France,web-enabled
446,Terry,Howell,thowellcd@angelfire.com,Male,Poland,systemic
447,Rose,Mitchell,rmitchellce@tumblr.com,Female,Indonesia,Persevering
448,Anne,Hawkins,ahawkinscf@yellowpages.com,Female,Ecuador,multi-tasking
449,Sandra,Ryan,sryancg@epa.gov,Female,Senegal,Secured
450,Kenneth,Carr,kcarrch@sitemeter.com,Male,Indonesia,projection
451,Christine,Johnston,cjohnstonci@ucsd.edu,Female,Indonesia,local area network
452,Philip,Andrews,pandrewscj@hatena.ne.jp,Male,China,methodical
453,Gregory,Johnson,gjohnsonck@latimes.com,Male,China,User-centric
454,Johnny,Sims,jsimscl@oracle.com,Male,China,Configurable
455,Jean,Mason,jmasoncm@wikispaces.com,Female,Syria,application
456,Angela,Webb,awebbcn@1und1.de,Female,Russia,content-based
457,Jesse,Hayes,jhayesco@flavors.me,Male,Philippines,website
458,Keith,Green,kgreencp@weebly.com,Male,Egypt,reciprocal
459,Henry,Gordon,hgordoncq@bandcamp.com,Male,Venezuela,array
460,Michelle,Dunn,mdunncr@live.com,Female,Brazil,Exclusive
461,Jane,Alvarez,jalvarezcs@rakuten.co.jp,Female,Georgia,system-worthy
462,Jose,Schmidt,jschmidtct@cocolog-nifty.com,Male,Russia,Down-sized
463,Helen,Cruz,hcruzcu@php.net,Female,China,alliance
464,Gregory,Freeman,gfreemancv@google.de,Male,Canada,budgetary management
465,Todd,Jenkins,tjenkinscw@mozilla.com,Male,Indonesia,User-friendly
466,Todd,Gray,tgraycx@independent.co.uk,Male,China,methodical
467,Edward,Simpson,esimpsoncy@nydailynews.com,Male,Czech Republic,Future-proofed
468,Carol,Harris,charriscz@cyberchimps.com,Female,China,stable
469,Laura,Howard,lhowardd0@cbslocal.com,Female,China,grid-enabled
470,Adam,Robertson,arobertsond1@sohu.com,Male,China,installation
471,Amanda,Morris,amorrisd2@msu.edu,Female,China,Polarised
472,Roy,Cunningham,rcunninghamd3@yolasite.com,Male,Bolivia,Quality-focused
473,Maria,Franklin,mfranklind4@hatena.ne.jp,Female,Greece,definition
474,Paula,Banks,pbanksd5@usa.gov,Female,Albania,demand-driven
475,Sarah,Baker,sbakerd6@sourceforge.net,Female,Sweden,Operative
476,Charles,Spencer,cspencerd7@mlb.com,Male,Czech Republic,dedicated
477,Denise,Gonzalez,dgonzalezd8@godaddy.com,Female,Moldova,hybrid
478,Steven,Boyd,sboydd9@t-online.de,Male,Germany,Optional
479,Jesse,Harris,jharrisda@cbc.ca,Male,Indonesia,bottom-line
480,Chris,Lane,clanedb@uiuc.edu,Male,France,archive
481,Denise,Rivera,driveradc@imgur.com,Female,Thailand,Innovative
482,Daniel,Bishop,dbishopdd@mlb.com,Male,China,website
483,Fred,Warren,fwarrende@msn.com,Male,Russia,encoding
484,Christine,Tucker,ctuckerdf@free.fr,Female,Philippines,holistic
485,Arthur,Clark,aclarkdg@buzzfeed.com,Male,Poland,Polarised
486,Terry,Henderson,thendersondh@pbs.org,Male,United Kingdom,5th generation
487,Teresa,Johnston,tjohnstondi@google.de,Female,Ecuador,empowering
488,Jane,Vasquez,jvasquezdj@accuweather.com,Female,France,upward-trending
489,Elizabeth,Hughes,ehughesdk@usnews.com,Female,Indonesia,encoding
490,Joseph,Taylor,jtaylordl@jigsy.com,Male,Poland,actuating
491,Eugene,Greene,egreenedm@purevolume.com,Male,Brazil,Cross-platform
492,Teresa,Burns,tburnsdn@spotify.com,Female,Argentina,portal
493,Craig,Burton,cburtondo@elpais.com,Male,China,zero tolerance
494,Diana,Weaver,dweaverdp@sphinn.com,Female,China,architecture
495,Jose,Ward,jwarddq@nba.com,Male,France,Versatile
496,Justin,Murray,jmurraydr@photobucket.com,Male,Philippines,Cloned
497,Victor,Kelley,vkelleyds@skype.com,Male,Uganda,Open-source
498,Sandra,Wilson,swilsondt@fda.gov,Female,Poland,info-mediaries
499,Julie,Crawford,jcrawforddu@mapquest.com,Female,Luxembourg,Ameliorated
500,Virginia,Williamson,vwilliamsondv@miitbeian.gov.cn,Female,Latvia,toolset
501,Brenda,Kennedy,bkennedydw@weibo.com,Female,Indonesia,bottom-line
502,Betty,Reyes,breyesdx@sciencedirect.com,Female,Argentina,Pre-emptive
503,Mildred,Moore,mmooredy@go.com,Female,Indonesia,knowledge base
504,Kathryn,Lane,klanedz@hatena.ne.jp,Female,Indonesia,needs-based
505,Ann,Garza,agarzae0@amazon.de,Female,China,secondary
506,Lisa,Dean,ldeane1@list-manage.com,Female,South Africa,Enhanced
507,Andrea,Welch,awelche2@amazon.co.uk,Female,Nigeria,data-warehouse
508,Mildred,Stone,mstonee3@cyberchimps.com,Female,Estonia,service-desk
509,Frances,Stephens,fstephense4@google.it,Female,Bolivia,Team-oriented
510,Russell,Parker,rparkere5@nature.com,Male,Jordan,fresh-thinking
511,Gregory,Arnold,garnolde6@yahoo.com,Male,Gambia,Virtual
512,Judith,Castillo,jcastilloe7@skype.com,Female,Norway,help-desk
513,Barbara,Parker,bparkere8@elegantthemes.com,Female,Pakistan,Implemented
514,John,Hansen,jhansene9@digg.com,Male,Indonesia,actuating
515,Julia,Cunningham,jcunninghamea@sciencedaily.com,Female,China,didactic
516,Roy,Sullivan,rsullivaneb@ucoz.ru,Male,Poland,multi-state
517,Lillian,Flores,lfloresec@tripod.com,Female,Paraguay,interactive
518,Cynthia,Howell,chowelled@vk.com,Female,Senegal,challenge
519,Louis,Griffin,lgriffinee@usda.gov,Male,Mexico,policy
520,Kelly,Fields,kfieldsef@joomla.org,Female,China,Multi-tiered
521,Kenneth,Webb,kwebbeg@xinhuanet.com,Male,China,Digitized
522,Christine,Parker,cparkereh@so-net.ne.jp,Female,China,high-level
523,Antonio,Morgan,amorganei@wp.com,Male,Gambia,Diverse
524,Jesse,Ferguson,jfergusonej@howstuffworks.com,Male,Kyrgyzstan,content-based
525,Kenneth,Vasquez,kvasquezek@bandcamp.com,Male,France,analyzer
526,Patricia,Gray,pgrayel@theatlantic.com,Female,China,Optimized
527,Clarence,Marshall,cmarshallem@tumblr.com,Male,Russia,Focused
528,Dennis,Wells,dwellsen@illinois.edu,Male,Canada,Advanced
529,Deborah,Barnes,dbarneseo@un.org,Female,Indonesia,extranet
530,Tina,Hunter,thunterep@admin.ch,Female,Mexico,exuding
531,Ashley,Rodriguez,arodriguezeq@msu.edu,Female,Philippines,collaboration
532,Dorothy,Edwards,dedwardser@toplist.cz,Female,Paraguay,complexity
533,Heather,Phillips,hphillipses@livejournal.com,Female,Saudi Arabia,mission-critical
534,Helen,Brooks,hbrookset@posterous.com,Female,Philippines,system-worthy
535,Annie,Turner,aturnereu@deviantart.com,Female,Indonesia,Innovative
536,Judith,Freeman,jfreemanev@infoseek.co.jp,Female,China,multimedia
537,Douglas,Boyd,dboydew@amazon.de,Male,Madagascar,content-based
538,Larry,Anderson,landersonex@smh.com.au,Male,Brazil,foreground
539,Angela,Howell,ahowelley@bizjournals.com,Female,China,complexity
540,Todd,Wood,twoodez@sogou.com,Male,China,encoding
541,Bobby,Parker,bparkerf0@epa.gov,Male,Poland,Implemented
542,Wanda,Hawkins,whawkinsf1@ucla.edu,Female,Syria,product
543,Rose,Turner,rturnerf2@home.pl,Female,Pakistan,product
544,Jesse,Taylor,jtaylorf3@trellian.com,Male,France,cohesive
545,Phyllis,George,pgeorgef4@ustream.tv,Female,China,Down-sized
546,Mark,Moreno,mmorenof5@mlb.com,Male,China,internet solution
547,Bonnie,Palmer,bpalmerf6@skype.com,Female,Sweden,Re-contextualized
548,Nancy,White,nwhitef7@g.co,Female,Sweden,Devolved
549,Karen,Jackson,kjacksonf8@omniture.com,Female,Mongolia,neutral
550,Marie,Gonzalez,mgonzalezf9@latimes.com,Female,Russia,upward-trending
551,Johnny,Smith,jsmithfa@github.com,Male,Cameroon,data-warehouse
552,Amanda,Flores,afloresfb@acquirethisname.com,Female,Peru,Focused
553,Joseph,Romero,jromerofc@123-reg.co.uk,Male,United States,Team-oriented
554,Katherine,Frazier,kfrazierfd@topsy.com,Female,Brazil,Horizontal
555,Larry,Long,llongfe@upenn.edu,Male,Poland,Pre-emptive
556,Norma,Mason,nmasonff@ezinearticles.com,Female,Ukraine,encompassing
557,Shirley,Mills,smillsfg@wufoo.com,Female,China,architecture
558,Debra,Hall,dhallfh@gravatar.com,Female,Brazil,emulation
559,Jessica,Green,jgreenfi@ow.ly,Female,Ukraine,background
560,Virginia,Castillo,vcastillofj@economist.com,Female,Portugal,optimal
561,Irene,Dixon,idixonfk@home.pl,Female,Armenia,radical
562,Jessica,Carter,jcarterfl@dell.com,Female,Portugal,leverage
563,Wanda,Gordon,wgordonfm@comcast.net,Female,China,core
564,Carl,Oliver,coliverfn@elpais.com,Male,China,projection
565,Frank,Jenkins,fjenkinsfo@cocolog-nifty.com,Male,Mexico,fault-tolerant
566,Benjamin,Stevens,bstevensfp@hp.com,Male,France,Fundamental
567,Irene,Myers,imyersfq@mysql.com,Female,China,4th generation
568,Brenda,Rogers,brogersfr@businessweek.com,Female,Mongolia,Self-enabling
569,Sarah,Little,slittlefs@npr.org,Female,Indonesia,Down-sized
570,Lois,Palmer,lpalmerft@miibeian.gov.cn,Female,Sweden,Profound
571,Jesse,Alvarez,jalvarezfu@buzzfeed.com,Male,Sweden,Graphic Interface
572,Katherine,Payne,kpaynefv@elpais.com,Female,Indonesia,interface
573,Edward,Woods,ewoodsfw@intel.com,Male,Nepal,Vision-oriented
574,Emily,Jackson,ejacksonfx@noaa.gov,Female,Indonesia,scalable
575,Matthew,Sullivan,msullivanfy@facebook.com,Male,Portugal,success
576,Scott,Gilbert,sgilbertfz@clickbank.net,Male,China,Reverse-engineered
577,Patricia,Ross,prossg0@cdc.gov,Female,Bangladesh,hardware
578,Martha,Lynch,mlynchg1@weebly.com,Female,Sweden,needs-based
579,Margaret,Martin,mmarting2@pbs.org,Female,Sweden,productivity
580,Christina,Hawkins,chawkinsg3@blogspot.com,Female,Indonesia,content-based
581,Harry,Sanders,hsandersg4@free.fr,Male,Bhutan,system-worthy
582,Robert,Warren,rwarreng5@spiegel.de,Male,China,Reactive
583,Kenneth,Henry,khenryg6@army.mil,Male,Mexico,encryption
584,Susan,Myers,smyersg7@bandcamp.com,Female,Greece,User-centric
585,Antonio,Lynch,alynchg8@rediff.com,Male,China,intermediate
586,Annie,Harvey,aharveyg9@merriam-webster.com,Female,Philippines,moratorium
587,Gerald,Ortiz,gortizga@github.com,Male,Honduras,Configurable
588,Kenneth,Morales,kmoralesgb@mozilla.org,Male,China,disintermediate
589,Denise,Gonzales,dgonzalesgc@istockphoto.com,Female,Nigeria,challenge
590,Timothy,Bennett,tbennettgd@symantec.com,Male,Argentina,service-desk
591,Sara,Scott,sscottge@github.com,Female,Iran,support
592,Judith,Greene,jgreenegf@miitbeian.gov.cn,Female,China,productivity
593,Julie,Peters,jpetersgg@php.net,Female,Russia,Managed
594,Dorothy,Freeman,dfreemangh@loc.gov,Female,South Korea,bandwidth-monitored
595,Jean,Wheeler,jwheelergi@xrea.com,Female,Democratic Republic of the Congo,actuating
596,Douglas,Gardner,dgardnergj@nature.com,Male,Indonesia,Secured
597,Mary,Frazier,mfraziergk@vistaprint.com,Female,Albania,internet solution
598,Stephen,Harrison,sharrisongl@goo.gl,Male,France,extranet
599,Frank,Stanley,fstanleygm@sitemeter.com,Male,Cuba,orchestration
600,Michelle,Chapman,mchapmangn@privacy.gov.au,Female,Philippines,tertiary
601,Joseph,Mitchell,jmitchellgo@blogtalkradio.com,Male,China,Down-sized
602,Adam,Dean,adeangp@samsung.com,Male,China,Graphic Interface
603,Mark,Ray,mraygq@mlb.com,Male,Russia,intermediate
604,Ernest,Young,eyounggr@wp.com,Male,Portugal,Mandatory
605,Douglas,Mason,dmasongs@weebly.com,Male,Nigeria,eco-centric
606,Donna,Hughes,dhughesgt@census.gov,Female,China,Sharable
607,Clarence,Chapman,cchapmangu@telegraph.co.uk,Male,Afghanistan,Sharable
608,Kathleen,Reynolds,kreynoldsgv@opensource.org,Female,Portugal,definition
609,Harold,Palmer,hpalmergw@feedburner.com,Male,Indonesia,function
610,Helen,Meyer,hmeyergx@cornell.edu,Female,Philippines,Versatile
611,Robert,Elliott,relliottgy@xinhuanet.com,Male,Indonesia,software
612,Chris,Lynch,clynchgz@artisteer.com,Male,Ireland,mission-critical
613,Brandon,Lee,bleeh0@sphinn.com,Male,Poland,archive
614,Deborah,Montgomery,dmontgomeryh1@fastcompany.com,Female,Brazil,projection
615,Julia,Thomas,jthomash2@blogtalkradio.com,Female,Indonesia,algorithm
616,Heather,Harper,hharperh3@usda.gov,Female,Tanzania,strategy
617,Dorothy,George,dgeorgeh4@wikia.com,Female,Puerto Rico,tertiary
618,Kimberly,Chavez,kchavezh5@intel.com,Female,Luxembourg,Up-sized
619,Arthur,Murphy,amurphyh6@booking.com,Male,China,function
620,Phillip,Foster,pfosterh7@blinklist.com,Male,Russia,Enhanced
621,Gregory,White,gwhiteh8@domainmarket.com,Male,Palau,secured line
622,Barbara,Parker,bparkerh9@imgur.com,Female,Sweden,benchmark
623,Sarah,Washington,swashingtonha@ustream.tv,Female,Papua New Guinea,Open-source
624,Evelyn,Coleman,ecolemanhb@quantcast.com,Female,Brazil,collaboration
625,Julia,Hughes,jhugheshc@github.io,Female,Argentina,Multi-channelled
626,Justin,Boyd,jboydhd@360.cn,Male,Palestinian Territory,extranet
627,Edward,Martinez,emartinezhe@booking.com,Male,Canada,holistic
628,Paul,Gonzales,pgonzaleshf@tripadvisor.com,Male,Poland,tertiary
629,Peter,Patterson,ppattersonhg@blogs.com,Male,Finland,local area network
630,Walter,Robertson,wrobertsonhh@auda.org.au,Male,Brazil,asynchronous
631,Joshua,Franklin,jfranklinhi@biglobe.ne.jp,Male,Germany,composite
632,Mark,Ford,mfordhj@sourceforge.net,Male,China,protocol
633,Stephanie,Fowler,sfowlerhk@mlb.com,Female,Brazil,service-desk
634,Earl,Green,egreenhl@answers.com,Male,Poland,Synchronised
635,Andrea,Chavez,achavezhm@army.mil,Female,China,hardware
636,Kathleen,Ramirez,kramirezhn@icio.us,Female,Philippines,methodical
637,Theresa,Bailey,tbaileyho@cpanel.net,Female,Poland,executive
638,Jane,Stephens,jstephenshp@opensource.org,Female,China,Cross-platform
639,Debra,Lee,dleehq@bloglines.com,Female,Morocco,Graphic Interface
640,Donald,Larson,dlarsonhr@smh.com.au,Male,Honduras,protocol
641,Arthur,Hudson,ahudsonhs@netvibes.com,Male,China,4th generation
642,Anna,Willis,awillisht@google.ru,Female,Indonesia,explicit
643,Norma,Lewis,nlewishu@t.co,Female,Philippines,zero tolerance
644,Virginia,Bowman,vbowmanhv@google.it,Female,Kyrgyzstan,optimizing
645,Keith,Weaver,kweaverhw@youtu.be,Male,Thailand,middleware
646,Susan,Gomez,sgomezhx@fda.gov,Female,Portugal,service-desk
647,Sharon,Sims,ssimshy@weebly.com,Female,Kyrgyzstan,actuating
648,Willie,Tucker,wtuckerhz@miitbeian.gov.cn,Male,Indonesia,support
649,Jacqueline,Hunt,jhunti0@etsy.com,Female,Albania,optimizing
650,Henry,Franklin,hfranklini1@newsvine.com,Male,United States,synergy
651,James,Martin,jmartini2@webeden.co.uk,Male,France,Visionary
652,Bonnie,Flores,bfloresi3@fotki.com,Female,Indonesia,motivating
653,Ashley,Cox,acoxi4@360.cn,Female,Tonga,Expanded
654,Ruby,Rodriguez,rrodriguezi5@salon.com,Female,China,Self-enabling
655,Carlos,Nguyen,cnguyeni6@ftc.gov,Male,Spain,incremental
656,Johnny,Warren,jwarreni7@jigsy.com,Male,Ukraine,focus group
657,Anthony,Ramirez,aramirezi8@geocities.com,Male,Cuba,concept
658,Kenneth,Bennett,kbennetti9@bloglines.com,Male,Portugal,implementation
659,Russell,Gutierrez,rgutierrezia@patch.com,Male,Russia,open architecture
660,Anthony,Johnson,ajohnsonib@wufoo.com,Male,Palestinian Territory,Digitized
661,Donald,Lawson,dlawsonic@spotify.com,Male,Poland,infrastructure
662,Justin,Martin,jmartinid@home.pl,Male,France,Sharable
663,Roger,Lawrence,rlawrenceie@vistaprint.com,Male,Haiti,upward-trending
664,David,Miller,dmillerif@bing.com,Male,Austria,Exclusive
665,Paula,Williams,pwilliamsig@facebook.com,Female,Indonesia,Function-based
666,Eugene,Larson,elarsonih@timesonline.co.uk,Male,Haiti,Digitized
667,Johnny,Burns,jburnsii@uol.com.br,Male,Philippines,Cross-group
668,Lori,Berry,lberryij@bigcartel.com,Female,Portugal,fresh-thinking
669,Adam,Wood,awoodik@mediafire.com,Male,Mongolia,database
670,Earl,Tucker,etuckeril@ucla.edu,Male,Peru,Proactive
671,Russell,Carr,rcarrim@businessinsider.com,Male,Russia,frame
672,Terry,Chavez,tchavezin@about.com,Male,China,Re-engineered
673,Roy,Cooper,rcooperio@blogger.com,Male,Rwanda,24 hour
674,Joe,Walker,jwalkerip@reuters.com,Male,Macedonia,Synchronised
675,Jacqueline,Campbell,jcampbelliq@opensource.org,Female,China,Streamlined
676,Billy,Kim,bkimir@howstuffworks.com,Male,Chile,standardization
677,Henry,Hudson,hhudsonis@wisc.edu,Male,China,challenge
678,Jeffrey,Turner,jturnerit@gov.uk,Male,Croatia,service-desk
679,Christine,Cole,ccoleiu@macromedia.com,Female,Brunei,Synchronised
680,Antonio,Dixon,adixoniv@hao123.com,Male,United States,Multi-channelled
681,Judith,Woods,jwoodsiw@nbcnews.com,Female,Poland,monitoring
682,Jeffrey,Day,jdayix@spotify.com,Male,Liberia,Centralized
683,Juan,Larson,jlarsoniy@com.com,Male,Indonesia,ability
684,Julia,Kennedy,jkennedyiz@hugedomains.com,Female,China,Multi-lateral
685,Jonathan,Black,jblackj0@blinklist.com,Male,Philippines,maximized
686,Jack,Matthews,jmatthewsj1@wikispaces.com,Male,Poland,Centralized
687,Lois,Griffin,lgriffinj2@narod.ru,Female,Indonesia,Diverse
688,Maria,Howard,mhowardj3@zimbio.com,Female,Indonesia,analyzing
689,Carolyn,Green,cgreenj4@bloglines.com,Female,Serbia,extranet
690,Peter,Castillo,pcastilloj5@netscape.com,Male,Philippines,hub
691,Stephen,Webb,swebbj6@newyorker.com,Male,China,analyzing
692,Lawrence,Nichols,lnicholsj7@ft.com,Male,China,upward-trending
693,Martin,Little,mlittlej8@fc2.com,Male,United States,needs-based
694,Matthew,Wood,mwoodj9@flavors.me,Male,Russia,Advanced
695,Edward,Stevens,estevensja@ustream.tv,Male,China,explicit
696,Janice,Burke,jburkejb@elegantthemes.com,Female,Argentina,capability
697,Billy,Webb,bwebbjc@linkedin.com,Male,Philippines,parallelism
698,Juan,Carter,jcarterjd@jugem.jp,Male,Argentina,human-resource
699,Martin,Romero,mromeroje@deviantart.com,Male,Indonesia,time-frame
700,Lawrence,Garrett,lgarrettjf@wikia.com,Male,Indonesia,knowledge user
701,Todd,Powell,tpowelljg@wordpress.com,Male,China,3rd generation
702,Kathryn,Richards,krichardsjh@bloglovin.com,Female,Russia,Face to face
703,Aaron,Johnston,ajohnstonji@imageshack.us,Male,Finland,Managed
704,Deborah,Frazier,dfrazierjj@trellian.com,Female,Syria,encryption
705,Frances,Harper,fharperjk@cmu.edu,Female,United States,radical
706,Chris,Mccoy,cmccoyjl@unicef.org,Male,France,paradigm
707,Gary,Miller,gmillerjm@pagesperso-orange.fr,Male,Japan,interactive
708,Marie,Stanley,mstanleyjn@chronoengine.com,Female,China,Versatile
709,Clarence,Ross,crossjo@cmu.edu,Male,China,project
710,Annie,Marshall,amarshalljp@biblegateway.com,Female,United States,service-desk
711,Barbara,Snyder,bsnyderjq@youku.com,Female,Ukraine,focus group
712,Mark,Harris,mharrisjr@homestead.com,Male,Argentina,throughput
713,Helen,Gomez,hgomezjs@tripod.com,Female,Portugal,zero tolerance
714,Louise,Butler,lbutlerjt@businesswire.com,Female,Indonesia,Focused
715,Timothy,Olson,tolsonju@ox.ac.uk,Male,Yemen,asynchronous
716,Emily,Riley,erileyjv@redcross.org,Female,Greece,Organic
717,Stephen,Mason,smasonjw@barnesandnoble.com,Male,Indonesia,analyzing
718,Betty,Stewart,bstewartjx@auda.org.au,Female,Morocco,Diverse
719,Lillian,Gordon,lgordonjy@kickstarter.com,Female,Peru,Optimized
720,Dennis,Carroll,dcarrolljz@stumbleupon.com,Male,Brazil,project
721,Jeffrey,Robinson,jrobinsonk0@w3.org,Male,Russia,grid-enabled
722,Roger,Reyes,rreyesk1@senate.gov,Male,Indonesia,transitional
723,Carol,Jacobs,cjacobsk2@utexas.edu,Female,Mexico,attitude
724,Janice,Stevens,jstevensk3@oaic.gov.au,Female,Philippines,fresh-thinking
725,Teresa,Banks,tbanksk4@theguardian.com,Female,China,customer loyalty
726,Shawn,Diaz,sdiazk5@sogou.com,Male,Poland,exuding
727,Melissa,Bowman,mbowmank6@sciencedaily.com,Female,China,Re-contextualized
728,Virginia,Wheeler,vwheelerk7@biglobe.ne.jp,Female,Colombia,methodical
729,Jason,West,jwestk8@yandex.ru,Male,United States,Ergonomic
730,Scott,Fernandez,sfernandezk9@myspace.com,Male,Indonesia,Stand-alone
731,Craig,Cox,ccoxka@shop-pro.jp,Male,Ecuador,incremental
732,Keith,Sullivan,ksullivankb@360.cn,Male,Libya,capacity
733,Amy,Patterson,apattersonkc@ycombinator.com,Female,Brazil,Networked
734,Jesse,Gray,jgraykd@bizjournals.com,Male,France,budgetary management
735,Dennis,Scott,dscottke@irs.gov,Male,Brazil,background
736,Steven,Larson,slarsonkf@usa.gov,Male,China,Reduced
737,Susan,Stewart,sstewartkg@paypal.com,Female,Philippines,reciprocal
738,Johnny,Duncan,jduncankh@example.com,Male,China,optimizing
739,Aaron,Crawford,acrawfordki@arstechnica.com,Male,China,time-frame
740,Judith,Perry,jperrykj@rediff.com,Female,Brazil,motivating
741,Harry,Ramirez,hramirezkk@engadget.com,Male,Sweden,extranet
742,Emily,Alvarez,ealvarezkl@house.gov,Female,Japan,Customer-focused
743,John,Wallace,jwallacekm@booking.com,Male,Thailand,Polarised
744,Steve,Murray,smurraykn@godaddy.com,Male,Philippines,even-keeled
745,Pamela,Richardson,prichardsonko@dailymail.co.uk,Female,China,service-desk
746,Ashley,Shaw,ashawkp@sciencedirect.com,Female,Mongolia,fresh-thinking
747,Gloria,Carroll,gcarrollkq@msn.com,Female,Morocco,User-friendly
748,Howard,James,hjameskr@furl.net,Male,Japan,moderator
749,Ernest,Nguyen,enguyenks@tripadvisor.com,Male,Czech Republic,scalable
750,Carol,Reyes,creyeskt@hatena.ne.jp,Female,Russia,forecast
751,Nicholas,Chavez,nchavezku@google.co.jp,Male,Portugal,Re-contextualized
752,Eugene,Howell,ehowellkv@newyorker.com,Male,Kazakhstan,attitude
753,Lori,Moreno,lmorenokw@phoca.cz,Female,Argentina,Focused
754,Lawrence,Robinson,lrobinsonkx@wunderground.com,Male,Brazil,local
755,Jane,Coleman,jcolemanky@nsw.gov.au,Female,China,Phased
756,Christina,Mitchell,cmitchellkz@instagram.com,Female,China,circuit
757,Ronald,Mccoy,rmccoyl0@myspace.com,Male,Azerbaijan,Phased
758,Gloria,Stevens,gstevensl1@domainmarket.com,Female,Venezuela,bifurcated
759,Walter,Bailey,wbaileyl2@walmart.com,Male,China,Digitized
760,Robin,Nelson,rnelsonl3@mail.ru,Female,China,intermediate
761,Judith,Gardner,jgardnerl4@freewebs.com,Female,East Timor,Down-sized
762,Arthur,Chapman,achapmanl5@phpbb.com,Male,Russia,intangible
763,Jennifer,Jackson,jjacksonl6@wunderground.com,Female,China,Focused
764,Frances,Montgomery,fmontgomeryl7@mit.edu,Female,China,Robust
765,Pamela,Cole,pcolel8@slashdot.org,Female,Greece,mobile
766,Jacqueline,Ross,jrossl9@typepad.com,Female,Brazil,Organic
767,Julie,Rivera,jriverala@mozilla.com,Female,France,optimal
768,Ralph,Rivera,rriveralb@friendfeed.com,Male,Indonesia,protocol
769,Earl,Lane,elanelc@prnewswire.com,Male,South Africa,fault-tolerant
770,Christine,George,cgeorgeld@lycos.com,Female,China,parallelism
771,Marilyn,Hall,mhallle@naver.com,Female,Philippines,Exclusive
772,Bobby,Stone,bstonelf@goo.gl,Male,Brazil,reciprocal
773,Russell,Kelley,rkelleylg@prweb.com,Male,France,web-enabled
774,Paula,Wright,pwrightlh@cisco.com,Female,China,tangible
775,Albert,Rodriguez,arodriguezli@friendfeed.com,Male,China,Reverse-engineered
776,Frank,Jordan,fjordanlj@google.fr,Male,Afghanistan,fresh-thinking
777,Patricia,Hawkins,phawkinslk@wix.com,Female,Iran,Focused
778,Joyce,Gomez,jgomezll@shutterfly.com,Female,Peru,intermediate
779,Diana,Griffin,dgriffinlm@answers.com,Female,Poland,open architecture
780,Anthony,Willis,awillisln@yandex.ru,Male,Japan,object-oriented
781,Barbara,Sims,bsimslo@earthlink.net,Female,China,concept
782,Helen,Arnold,harnoldlp@xing.com,Female,Bosnia and Herzegovina,Proactive
783,Joseph,Moreno,jmorenolq@cbsnews.com,Male,Philippines,value-added
784,Rose,Carroll,rcarrolllr@phpbb.com,Female,Lebanon,Innovative
785,Fred,Ray,frayls@etsy.com,Male,Colombia,Managed
786,Matthew,Murphy,mmurphylt@bing.com,Male,China,Exclusive
787,Ann,Young,ayounglu@tinypic.com,Female,China,Profit-focused
788,Jack,Ryan,jryanlv@twitter.com,Male,Peru,Ergonomic
789,Brian,Ortiz,bortizlw@angelfire.com,Male,Canada,Diverse
790,Theresa,Warren,twarrenlx@biglobe.ne.jp,Female,Indonesia,tertiary
791,Melissa,Bailey,mbaileyly@walmart.com,Female,Portugal,Progressive
792,Larry,Harrison,lharrisonlz@hp.com,Male,China,leverage
793,Jonathan,James,jjamesm0@mashable.com,Male,France,24 hour
794,Denise,Davis,ddavism1@yolasite.com,Female,China,complexity
795,Richard,Baker,rbakerm2@github.com,Male,China,3rd generation
796,George,Webb,gwebbm3@webnode.com,Male,Brazil,empowering
797,Robin,Robinson,rrobinsonm4@economist.com,Female,Cameroon,Streamlined
798,Steven,Grant,sgrantm5@hatena.ne.jp,Male,Micronesia,migration
799,Michelle,Butler,mbutlerm6@google.fr,Female,Indonesia,even-keeled
800,Stephanie,Sullivan,ssullivanm7@slideshare.net,Female,Indonesia,modular
801,Samuel,Thompson,sthompsonm8@goo.gl,Male,China,upward-trending
802,Marie,Martinez,mmartinezm9@icio.us,Female,Nepal,Synergistic
803,Kelly,Taylor,ktaylorma@pcworld.com,Female,Indonesia,Secured
804,Nicholas,Perry,nperrymb@bbb.org,Male,China,even-keeled
805,Andrew,Wallace,awallacemc@timesonline.co.uk,Male,Panama,Secured
806,Julia,Lawrence,jlawrencemd@t-online.de,Female,Russia,demand-driven
807,Rebecca,Carroll,rcarrollme@clickbank.net,Female,Estonia,Face to face
808,Joyce,Castillo,jcastillomf@auda.org.au,Female,Afghanistan,zero administration
809,Matthew,Morgan,mmorganmg@netvibes.com,Male,United States,Fundamental
810,Justin,Matthews,jmatthewsmh@acquirethisname.com,Male,Georgia,Monitored
811,Peter,Wells,pwellsmi@virginia.edu,Male,Portugal,Organic
812,John,Washington,jwashingtonmj@squarespace.com,Male,Chile,Programmable
813,Jean,Wallace,jwallacemk@trellian.com,Female,Indonesia,Switchable
814,Kenneth,Willis,kwillisml@businessinsider.com,Male,Portugal,hybrid
815,Brian,Phillips,bphillipsmm@loc.gov,Male,Nigeria,migration
816,Phillip,Perkins,pperkinsmn@omniture.com,Male,Poland,model
817,Terry,Rogers,trogersmo@free.fr,Male,China,synergy
818,Janice,Boyd,jboydmp@wikia.com,Female,Philippines,Multi-layered
819,Gary,Cox,gcoxmq@unesco.org,Male,Sweden,needs-based
820,Antonio,Evans,aevansmr@google.fr,Male,Indonesia,help-desk
821,Michelle,Hicks,mhicksms@ezinearticles.com,Female,Zimbabwe,Virtual
822,Alice,Hayes,ahayesmt@bravesites.com,Female,China,Synchronised
823,Johnny,Howell,jhowellmu@sourceforge.net,Male,Liberia,Triple-buffered
824,Randy,Morrison,rmorrisonmv@imgur.com,Male,Norway,Team-oriented
825,Jack,Gardner,jgardnermw@google.fr,Male,Japan,Enterprise-wide
826,John,Hunter,jhuntermx@google.de,Male,Philippines,Monitored
827,Laura,Fox,lfoxmy@state.tx.us,Female,China,product
828,Janice,Banks,jbanksmz@eepurl.com,Female,Russia,interactive
829,Patrick,Ramirez,pramirezn0@sohu.com,Male,Ireland,productivity
830,Julia,Vasquez,jvasquezn1@g.co,Female,Pakistan,Adaptive
831,Raymond,Lynch,rlynchn2@live.com,Male,Pakistan,coherent
832,Judith,Garcia,jgarcian3@engadget.com,Female,Tanzania,policy
833,Paul,Daniels,pdanielsn4@gizmodo.com,Male,Indonesia,Robust
834,Lillian,Wright,lwrightn5@delicious.com,Female,South Africa,frame
835,Heather,Pierce,hpiercen6@cafepress.com,Female,Israel,Multi-tiered
836,Pamela,Thompson,pthompsonn7@blogger.com,Female,Philippines,groupware
837,Kevin,Carpenter,kcarpentern8@sourceforge.net,Male,Indonesia,Reduced
838,Lisa,Chapman,lchapmann9@google.it,Female,Indonesia,Multi-layered
839,Antonio,Oliver,aoliverna@dropbox.com,Male,Poland,access
840,Steve,Rodriguez,srodrigueznb@youtube.com,Male,Brazil,Proactive
841,Andrea,Nguyen,anguyennc@e-recht24.de,Female,Mexico,value-added
842,Todd,Carpenter,tcarpenternd@imdb.com,Male,Madagascar,Streamlined
843,Catherine,Snyder,csnyderne@people.com.cn,Female,Nigeria,full-range
844,Nancy,James,njamesnf@live.com,Female,Vietnam,frame
845,Timothy,Perez,tperezng@prweb.com,Male,China,Distributed
846,Maria,Oliver,molivernh@wisc.edu,Female,Sierra Leone,homogeneous
847,Evelyn,King,ekingni@baidu.com,Female,Austria,interactive
848,Jonathan,Reyes,jreyesnj@dot.gov,Male,Japan,needs-based
849,Donna,Fowler,dfowlernk@earthlink.net,Female,China,Up-sized
850,Jessica,Parker,jparkernl@gnu.org,Female,Russia,Self-enabling
851,Donna,Clark,dclarknm@timesonline.co.uk,Female,Indonesia,benchmark
852,Ruth,Lawson,rlawsonnn@topsy.com,Female,China,contingency
853,Andrea,Fields,afieldsno@goodreads.com,Female,Philippines,complexity
854,Jonathan,Gray,jgraynp@marketwatch.com,Male,China,Organic
855,Aaron,Crawford,acrawfordnq@census.gov,Male,Brazil,forecast
856,Carol,Bowman,cbowmannr@answers.com,Female,Ghana,mobile
857,Chris,Robinson,crobinsonns@ning.com,Male,Finland,solution
858,Samuel,Dixon,sdixonnt@trellian.com,Male,Iran,4th generation
859,Amanda,Morris,amorrisnu@chicagotribune.com,Female,Portugal,scalable
860,Marilyn,Griffin,mgriffinnv@nationalgeographic.com,Female,Malta,Customizable
861,Diane,Diaz,ddiaznw@economist.com,Female,Palestinian Territory,Horizontal
862,Ruth,Mitchell,rmitchellnx@illinois.edu,Female,Malawi,process improvement
863,Gary,Green,ggreenny@cornell.edu,Male,China,adapter
864,Ashley,Martinez,amartineznz@forbes.com,Female,Peru,Re-engineered
865,Elizabeth,Collins,ecollinso0@blogger.com,Female,Indonesia,infrastructure
866,Annie,Murphy,amurphyo1@vkontakte.ru,Female,China,solution
867,Nicole,Payne,npayneo2@csmonitor.com,Female,Poland,disintermediate
868,Albert,Chapman,achapmano3@so-net.ne.jp,Male,China,modular
869,Jack,Schmidt,jschmidto4@yandex.ru,Male,China,frame
870,Bonnie,Henry,bhenryo5@yellowbook.com,Female,Argentina,moderator
871,Sharon,Fields,sfieldso6@woothemes.com,Female,Ireland,3rd generation
872,Marie,Turner,mturnero7@springer.com,Female,Malaysia,Polarised
873,Joseph,Mitchell,jmitchello8@ted.com,Male,Russia,Universal
874,Martin,Holmes,mholmeso9@nifty.com,Male,Tanzania,hub
875,Roger,Harvey,rharveyoa@telegraph.co.uk,Male,Lebanon,5th generation
876,Nancy,Larson,nlarsonob@clickbank.net,Female,Colombia,Exclusive
877,Gloria,Hamilton,ghamiltonoc@google.co.jp,Female,Poland,structure
878,Lori,Sanchez,lsanchezod@hostgator.com,Female,Serbia,installation
879,Marilyn,Reyes,mreyesoe@craigslist.org,Female,Portugal,Organized
880,Adam,Carter,acarterof@slate.com,Male,Russia,tertiary
881,Victor,Harvey,vharveyog@cornell.edu,Male,Philippines,Open-architected
882,Katherine,Shaw,kshawoh@dmoz.org,Female,Philippines,customer loyalty
883,Rose,Fuller,rfulleroi@illinois.edu,Female,Indonesia,Expanded
884,Kathryn,Woods,kwoodsoj@reverbnation.com,Female,Indonesia,Phased
885,Matthew,Frazier,mfrazierok@admin.ch,Male,Norway,value-added
886,Todd,Ross,trossol@spiegel.de,Male,China,cohesive
887,Jacqueline,Ferguson,jfergusonom@rakuten.co.jp,Female,Indonesia,benchmark
888,Frances,Gibson,fgibsonon@i2i.jp,Female,Indonesia,intermediate
889,Willie,Sanchez,wsanchezoo@sourceforge.net,Male,China,collaboration
890,Judith,Brooks,jbrooksop@devhub.com,Female,Philippines,Mandatory
891,Jacqueline,Rose,jroseoq@discuz.net,Female,Oman,Graphic Interface
892,Linda,Adams,ladamsor@blogs.com,Female,Cambodia,Customizable
893,Nicole,Lewis,nlewisos@cam.ac.uk,Female,Iran,tertiary
894,Andrew,King,akingot@jalbum.net,Male,Japan,help-desk
895,Earl,Schmidt,eschmidtou@goodreads.com,Male,Indonesia,model
896,Eric,Taylor,etaylorov@vimeo.com,Male,China,zero defect
897,Ryan,Carroll,rcarrollow@noaa.gov,Male,Burundi,Object-based
898,Theresa,Carter,tcarterox@nsw.gov.au,Female,China,dynamic
899,Heather,Dunn,hdunnoy@cargocollective.com,Female,Australia,client-driven
900,Diana,Walker,dwalkeroz@1und1.de,Female,Poland,Operative
901,Shawn,Gonzales,sgonzalesp0@google.com,Male,Sweden,product
902,David,Webb,dwebbp1@facebook.com,Male,China,stable
903,Carl,Nguyen,cnguyenp2@amazon.co.jp,Male,China,explicit
904,Sara,Arnold,sarnoldp3@chicagotribune.com,Female,China,Public-key
905,Sara,Patterson,spattersonp4@msn.com,Female,Indonesia,upward-trending
906,Elizabeth,Cox,ecoxp5@hhs.gov,Female,China,flexibility
907,Kathy,Reed,kreedp6@ameblo.jp,Female,Russia,groupware
908,Margaret,Mendoza,mmendozap7@google.ru,Female,China,Proactive
909,Earl,Richards,erichardsp8@mozilla.com,Male,Iran,composite
910,Eugene,Fisher,efisherp9@berkeley.edu,Male,Kenya,Operative
911,Thomas,Dixon,tdixonpa@nytimes.com,Male,Guatemala,mobile
912,Tina,Graham,tgrahampb@facebook.com,Female,France,Ergonomic
913,Phillip,Schmidt,pschmidtpc@jigsy.com,Male,Mexico,customer loyalty
914,Wanda,Willis,wwillispd@trellian.com,Female,Bolivia,interface
915,Martin,Peters,mpeterspe@yolasite.com,Male,Indonesia,holistic
916,David,Stanley,dstanleypf@amazonaws.com,Male,Sweden,Inverse
917,Eric,Coleman,ecolemanpg@wikispaces.com,Male,Indonesia,Stand-alone
918,Jason,Carter,jcarterph@blogs.com,Male,Indonesia,model
919,Larry,Perez,lperezpi@howstuffworks.com,Male,China,analyzer
920,Lawrence,Knight,lknightpj@free.fr,Male,Thailand,capacity
921,Lois,Graham,lgrahampk@prnewswire.com,Female,Poland,zero defect
922,Ruth,Franklin,rfranklinpl@tiny.cc,Female,Trinidad and Tobago,Versatile
923,Christopher,Perez,cperezpm@bluehost.com,Male,Czech Republic,Self-enabling
924,Mary,Miller,mmillerpn@barnesandnoble.com,Female,Mexico,bi-directional
925,Ralph,Wood,rwoodpo@mlb.com,Male,Peru,Progressive
926,Wayne,Bailey,wbaileypp@arizona.edu,Male,China,neutral
927,Roy,Howell,rhowellpq@unicef.org,Male,Russia,impactful
928,Jeremy,Henderson,jhendersonpr@cocolog-nifty.com,Male,China,database
929,Joyce,Carr,jcarrps@weebly.com,Female,Colombia,leading edge
930,Dennis,Franklin,dfranklinpt@oracle.com,Male,Russia,scalable
931,Antonio,Fields,afieldspu@friendfeed.com,Male,Belarus,Function-based
932,Raymond,Fisher,rfisherpv@fotki.com,Male,Indonesia,intermediate
933,Bobby,Rose,brosepw@tuttocitta.it,Male,China,strategy
934,Sara,Bailey,sbaileypx@ebay.com,Female,China,Innovative
935,Brandon,Rice,bricepy@naver.com,Male,Canada,collaboration
936,Eugene,Cox,ecoxpz@examiner.com,Male,Indonesia,user-facing
937,Mildred,Sims,msimsq0@samsung.com,Female,Bolivia,monitoring
938,Gregory,Perry,gperryq1@is.gd,Male,China,6th generation
939,Theresa,Fox,tfoxq2@gmpg.org,Female,New Zealand,ability
940,Jack,Alvarez,jalvarezq3@smugmug.com,Male,Nicaragua,projection
941,Eugene,Fields,efieldsq4@whitehouse.gov,Male,Czech Republic,protocol
942,Patricia,Edwards,pedwardsq5@deliciousdays.com,Female,Palestinian Territory,conglomeration
943,Amy,Riley,arileyq6@surveymonkey.com,Female,China,productivity
944,Jane,Lopez,jlopezq7@rakuten.co.jp,Female,Brazil,firmware
945,Kelly,Ruiz,kruizq8@github.io,Female,Russia,tertiary
946,Marie,Russell,mrussellq9@ovh.net,Female,Macedonia,Ameliorated
947,Jean,Young,jyoungqa@google.co.jp,Female,Russia,bi-directional
948,Juan,Williams,jwilliamsqb@admin.ch,Male,Canada,support
949,Joyce,Gilbert,jgilbertqc@examiner.com,Female,Serbia,complexity
950,Billy,Green,bgreenqd@alibaba.com,Male,Peru,complexity
951,Susan,Hicks,shicksqe@tumblr.com,Female,Croatia,Robust
952,Joshua,Fox,jfoxqf@ucoz.ru,Male,Cuba,Decentralized
953,Nicole,Gonzales,ngonzalesqg@oaic.gov.au,Female,China,optimizing
954,Sara,Romero,sromeroqh@soup.io,Female,Indonesia,local area network
955,Jimmy,Simmons,jsimmonsqi@gravatar.com,Male,Poland,focus group
956,Richard,Peters,rpetersqj@berkeley.edu,Male,Tunisia,well-modulated
957,Steve,Berry,sberryqk@domainmarket.com,Male,Indonesia,open system
958,Lisa,Richards,lrichardsql@jugem.jp,Female,China,time-frame
959,Juan,Mcdonald,jmcdonaldqm@amazonaws.com,Male,Russia,Pre-emptive
960,Lawrence,Ross,lrossqn@harvard.edu,Male,Ukraine,knowledge user
961,Louis,Stone,lstoneqo@google.nl,Male,China,initiative
962,Anthony,Mason,amasonqp@squarespace.com,Male,Sweden,Stand-alone
963,Earl,Lawson,elawsonqq@xinhuanet.com,Male,Portugal,data-warehouse
964,Arthur,Graham,agrahamqr@shinystat.com,Male,Philippines,scalable
965,John,Reid,jreidqs@ox.ac.uk,Male,Sudan,even-keeled
966,Steve,Moreno,smorenoqt@over-blog.com,Male,Estonia,Ergonomic
967,Arthur,Brown,abrownqu@ucsd.edu,Male,Mexico,needs-based
968,Janet,Wheeler,jwheelerqv@nsw.gov.au,Female,China,function
969,Janet,Day,jdayqw@twitpic.com,Female,Russia,analyzer
970,Martin,Collins,mcollinsqx@gnu.org,Male,Philippines,Graphic Interface
971,Bobby,Willis,bwillisqy@answers.com,Male,Mongolia,encryption
972,Elizabeth,Stone,estoneqz@soup.io,Female,Indonesia,standardization
973,Kathleen,Murray,kmurrayr0@sogou.com,Female,Indonesia,user-facing
974,Doris,Porter,dporterr1@addtoany.com,Female,Belarus,matrix
975,Brian,Richards,brichardsr2@businessweek.com,Male,Portugal,User-friendly
976,Anne,Berry,aberryr3@flavors.me,Female,Indonesia,leverage
977,Phillip,Powell,ppowellr4@reverbnation.com,Male,Russia,service-desk
978,Adam,Gomez,agomezr5@usatoday.com,Male,Ethiopia,multi-tasking
979,Rebecca,Reed,rreedr6@telegraph.co.uk,Female,Latvia,cohesive
980,Mark,Jordan,mjordanr7@census.gov,Male,China,neural-net
981,Cheryl,Graham,cgrahamr8@ifeng.com,Female,Indonesia,implementation
982,Lillian,Andrews,landrewsr9@wikispaces.com,Female,Cameroon,content-based
983,Lori,Henry,lhenryra@hao123.com,Female,Philippines,Reduced
984,Aaron,Henry,ahenryrb@howstuffworks.com,Male,Greece,Reverse-engineered
985,Thomas,Hart,thartrc@baidu.com,Male,China,Expanded
986,Andrea,Davis,adavisrd@nba.com,Female,China,Cross-platform
987,Dorothy,Garrett,dgarrettre@fotki.com,Female,Ireland,Synchronised
988,Thomas,Lopez,tlopezrf@free.fr,Male,Mexico,impactful
989,Ruby,Mitchell,rmitchellrg@dion.ne.jp,Female,Indonesia,disintermediate
990,Bonnie,Hawkins,bhawkinsrh@wordpress.com,Female,China,ability
991,Amanda,Martin,amartinri@umn.edu,Female,Nigeria,incremental
992,Stephanie,Perkins,sperkinsrj@wikispaces.com,Female,China,even-keeled
993,Diana,Nguyen,dnguyenrk@mapquest.com,Female,Nepal,Distributed
994,Ann,Hernandez,ahernandezrl@vk.com,Female,Sweden,emulation
995,Cheryl,Reed,creedrm@oakley.com,Female,Croatia,fault-tolerant
996,Elizabeth,Peters,epetersrn@soundcloud.com,Female,Hungary,orchestration
997,Louis,Henderson,lhendersonro@barnesandnoble.com,Male,Philippines,knowledge base
998,Christopher,Garza,cgarzarp@sciencedaily.com,Male,Indonesia,user-facing
999,Ann,Mason,amasonrq@gmpg.org,Female,Vietnam,Object-based
1000,Donna,Baker,dbakerrr@zimbio.com,Female,Czech Republic,middleware